[
		{"nama" : "Gabriella Novitasari" , "jenis_kelamin" : "Perempuan"},
{"nama" : "Eka Sadina Hasanah" , "jenis_kelamin" : "Perempuan"},
{"nama" : "Rangga Samosir" , "jenis_kelamin" : "Laki-laki"},
{"nama" : "Jais Latif Gunawan" , "jenis_kelamin" : "Laki-laki"},
{"nama" : "Purwanto Pangestu" , "jenis_kelamin" : "Laki-laki"},
{"nama" : "Kani Rahmawati" , "jenis_kelamin" : "Perempuan"},
{"nama" : "Dian Nurdiyanti" , "jenis_kelamin" : "Perempuan"},
{"nama" : "Xanana Gunawan" , "jenis_kelamin" : "Laki-laki"},
{"nama" : "Darmaji Santoso" , "jenis_kelamin" : "Laki-laki"},
{"nama" : "Puji Ophelia Prastuti" , "jenis_kelamin" : "Perempuan"},
{"nama" : "Gada Suwarno" , "jenis_kelamin" : "Laki-laki"},
{"nama" : "Mila Pratiwi" , "jenis_kelamin" : "Perempuan"},
{"nama" : "Hardana Sitompul" , "jenis_kelamin" : "Laki-laki"},
{"nama" : "Irwan Putra" , "jenis_kelamin" : "Laki-laki"},
{"nama" : "Yance Winda Mayasari" , "jenis_kelamin" : "Perempuan"},
{"nama" : "Anom Mahmud Putra" , "jenis_kelamin" : "Laki-laki"},
{"nama" : "Prasetyo Budiyanto" , "jenis_kelamin" : "Laki-laki"},
{"nama" : "Tantri Anggraini" , "jenis_kelamin" : "Perempuan"},
{"nama" : "Lasmono Lega Winarno" , "jenis_kelamin" : "Laki-laki"},
{"nama" : "Mulyanto Gunawan" , "jenis_kelamin" : "Laki-laki"},
{"nama" : "Ilyas Irawan" , "jenis_kelamin" : "Laki-laki"},
{"nama" : "Rudi Galih Suryono" , "jenis_kelamin" : "Laki-laki"},
{"nama" : "Tami Wahyuni" , "jenis_kelamin" : "Perempuan"},
{"nama" : "Shakila Halimah" , "jenis_kelamin" : "Perempuan"},
{"nama" : "Martaka Narji Damanik" , "jenis_kelamin" : "Laki-laki"},
{"nama" : "Nilam Uyainah" , "jenis_kelamin" : "Perempuan"},
{"nama" : "Hana Yolanda" , "jenis_kelamin" : "Perempuan"},
{"nama" : "Cornelia Widiastuti" , "jenis_kelamin" : "Perempuan"},
{"nama" : "Uchita Hafshah Hartati" , "jenis_kelamin" : "Perempuan"},
{"nama" : "Raden Hardiansyah" , "jenis_kelamin" : "Laki-laki"},
{"nama" : "Sidiq Harjo Mansur" , "jenis_kelamin" : "Laki-laki"},
{"nama" : "Satya Artawan Situmorang" , "jenis_kelamin" : "Laki-laki"},
{"nama" : "Perkasa Hardiansyah" , "jenis_kelamin" : "Laki-laki"},
{"nama" : "Hendra Adinata Widodo" , "jenis_kelamin" : "Laki-laki"},
{"nama" : "Kariman Lamar Maheswara" , "jenis_kelamin" : "Laki-laki"},
{"nama" : "Jamalia Puspita" , "jenis_kelamin" : "Perempuan"},
{"nama" : "Praba Winarno" , "jenis_kelamin" : "Laki-laki"},
{"nama" : "Vera Kiandra Yuliarti" , "jenis_kelamin" : "Perempuan"},
{"nama" : "Wani Yuniar" , "jenis_kelamin" : "Perempuan"},
{"nama" : "Maya Mulyani" , "jenis_kelamin" : "Perempuan"},
{"nama" : "Hasna Ghaliyati Uyainah" , "jenis_kelamin" : "Perempuan"},
{"nama" : "Ibun Dono Situmorang" , "jenis_kelamin" : "Laki-laki"},
{"nama" : "Pangeran Waluyo Maulana" , "jenis_kelamin" : "Laki-laki"},
{"nama" : "Danu Ibun Utama" , "jenis_kelamin" : "Laki-laki"},
{"nama" : "Prakosa Tampubolon" , "jenis_kelamin" : "Laki-laki"},
{"nama" : "Harjaya Wibowo" , "jenis_kelamin" : "Laki-laki"},
{"nama" : "Kasiyah Nasyiah" , "jenis_kelamin" : "Perempuan"},
{"nama" : "Pardi Pangestu" , "jenis_kelamin" : "Laki-laki"},
{"nama" : "Hasim Kasusra Kuswoyo" , "jenis_kelamin" : "Laki-laki"},
{"nama" : "Maida Gilda Rahayu" , "jenis_kelamin" : "Perempuan"},
{"nama" : "Harsana Suwarno" , "jenis_kelamin" : "Laki-laki"},
{"nama" : "Warsa Tamba" , "jenis_kelamin" : "Laki-laki"},
{"nama" : "Edison Lamar Ramadan" , "jenis_kelamin" : "Laki-laki"},
{"nama" : "Dinda Andriani" , "jenis_kelamin" : "Perempuan"},
{"nama" : "Hesti Zahra Laksmiwati" , "jenis_kelamin" : "Perempuan"},
{"nama" : "Unjani Aryani" , "jenis_kelamin" : "Perempuan"},
{"nama" : "Murti Kurniawan" , "jenis_kelamin" : "Laki-laki"},
{"nama" : "Hamima Yuliarti" , "jenis_kelamin" : "Perempuan"},
{"nama" : "Mustika Eluh Uwais" , "jenis_kelamin" : "Laki-laki"},
{"nama" : "Jessica Wastuti" , "jenis_kelamin" : "Perempuan"},
{"nama" : "Ika Ade Mandasari" , "jenis_kelamin" : "Perempuan"},
{"nama" : "Purwadi Prakasa" , "jenis_kelamin" : "Laki-laki"},
{"nama" : "Bagus Simbolon" , "jenis_kelamin" : "Laki-laki"},
{"nama" : "Indah Lailasari" , "jenis_kelamin" : "Perempuan"},
{"nama" : "Ghaliyati Karen Purnawati" , "jenis_kelamin" : "Perempuan"},
{"nama" : "Eka Dongoran" , "jenis_kelamin" : "Laki-laki"},
{"nama" : "Sadina Farhunnisa Prastuti" , "jenis_kelamin" : "Perempuan"},
{"nama" : "Najwa Hariyah" , "jenis_kelamin" : "Perempuan"},
{"nama" : "Najib Pangestu" , "jenis_kelamin" : "Laki-laki"},
{"nama" : "Harsanto Sitorus" , "jenis_kelamin" : "Laki-laki"},
{"nama" : "Rahayu Mayasari" , "jenis_kelamin" : "Perempuan"},
{"nama" : "Ciaobella Anita Andriani" , "jenis_kelamin" : "Perempuan"},
{"nama" : "Ayu Aryani" , "jenis_kelamin" : "Perempuan"},
{"nama" : "Tasnim Marsito Sitorus" , "jenis_kelamin" : "Laki-laki"},
{"nama" : "Embuh Tampubolon" , "jenis_kelamin" : "Laki-laki"},
{"nama" : "Balapati Wacana" , "jenis_kelamin" : "Laki-laki"},
{"nama" : "Makara Manullang" , "jenis_kelamin" : "Laki-laki"},
{"nama" : "Reza Mustofa" , "jenis_kelamin" : "Laki-laki"},
{"nama" : "Lanang Marbun" , "jenis_kelamin" : "Laki-laki"},
{"nama" : "Martani Pradipta" , "jenis_kelamin" : "Laki-laki"},
{"nama" : "Maya Rahmawati" , "jenis_kelamin" : "Perempuan"},
{"nama" : "Gabriella Zamira Yuliarti" , "jenis_kelamin" : "Perempuan"},
{"nama" : "Salsabila Zelda Usamah" , "jenis_kelamin" : "Perempuan"},
{"nama" : "Hasna Zelaya Prastuti" , "jenis_kelamin" : "Perempuan"},
{"nama" : "Vanya Widiastuti" , "jenis_kelamin" : "Perempuan"},
{"nama" : "Saadat Wahyudin" , "jenis_kelamin" : "Laki-laki"},
{"nama" : "Ade Damanik" , "jenis_kelamin" : "Laki-laki"},
{"nama" : "Jaga Cemplunk Sitorus" , "jenis_kelamin" : "Laki-laki"},
{"nama" : "Dagel Sitompul" , "jenis_kelamin" : "Laki-laki"},
{"nama" : "Jasmani Saragih" , "jenis_kelamin" : "Laki-laki"},
{"nama" : "Zulaikha Nabila Hassanah" , "jenis_kelamin" : "Perempuan"},
{"nama" : "Cici Gilda Maryati" , "jenis_kelamin" : "Perempuan"},
{"nama" : "Darsirah Maryadi" , "jenis_kelamin" : "Laki-laki"},
{"nama" : "Catur Mandala" , "jenis_kelamin" : "Laki-laki"},
{"nama" : "Slamet Hidayat" , "jenis_kelamin" : "Laki-laki"},
{"nama" : "Manah Sihotang" , "jenis_kelamin" : "Laki-laki"},
{"nama" : "Karsana Bakiadi Ardianto" , "jenis_kelamin" : "Laki-laki"},
{"nama" : "Purwa Narpati" , "jenis_kelamin" : "Laki-laki"},
{"nama" : "Carla Oktaviani" , "jenis_kelamin" : "Perempuan"},
{"nama" : "Ibun Upik Budiyanto" , "jenis_kelamin" : "Laki-laki"}
		]